{
  "train_rmse": 5.1082863311132085,
  "test_rmse": 11.747604803257554,
  "train_mae": 3.6748070066971463,
  "test_mae": 8.437578510726507,
  "train_r2": 0.9792750052494715,
  "test_r2": 0.8865245346511459,
  "feature_importance": {
    "PM2.5": 0.09398560910939455,
    "PM10": 0.11965398876326604,
    "NO2": 0.0782259574256866,
    "SO2": 0.028333808571732323,
    "CO": 0.3969215067681756,
    "O3": 0.08237853307479034,
    "temperature": 0.009095861836219287,
    "humidity": 0.008926961612376777,
    "wind_speed": 0.1824777728383585
  },
  "training_date": "2025-10-30T18:27:14.344976",
  "model_type": "RandomForestRegressor"
}